{"cameraMode":{"drawMode":0,"name":"Shaded","section":"Shading Mode"},"sceneLighting":false,"audioPlay":false,"sceneViewState":{"showFog":true,"showMaterialUpdate":false,"showSkybox":true,"showFlares":true,"showImageEffects":true,"showParticleSystems":true},"in2DMode":false,"pivot":{"x":-0.37602198123931887,"y":0.8083099126815796,"z":-3.752034902572632},"rotation":{"x":0.01686924882233143,"y":-0.9830837845802307,"z":0.1335269659757614,"w":0.12422651052474976},"size":0.27646133303642275,"orthographic":true}