{"cameraMode":{"drawMode":0,"name":"Shaded","section":"Shading Mode"},"sceneLighting":false,"audioPlay":false,"sceneViewState":{"showFog":true,"showMaterialUpdate":false,"showSkybox":true,"showFlares":true,"showImageEffects":true,"showParticleSystems":true},"in2DMode":false,"pivot":{"x":0.3740294277667999,"y":0.7949612140655518,"z":-3.9560000896453859},"rotation":{"x":0.016949910670518876,"y":0.9776978492736816,"z":-0.19037340581417085,"w":0.08704955130815506},"size":0.19913461804389954,"orthographic":false}