{"cameraMode":{"drawMode":0,"name":"Shaded","section":"Shading Mode"},"sceneLighting":false,"audioPlay":false,"sceneViewState":{"showFog":true,"showMaterialUpdate":false,"showSkybox":true,"showFlares":true,"showImageEffects":true,"showParticleSystems":true},"in2DMode":false,"pivot":{"x":-0.4659999907016754,"y":0.7889261841773987,"z":-3.0602736473083498},"rotation":{"x":0.14156854152679444,"y":0.846339225769043,"z":-0.2771807014942169,"w":0.43224892020225527},"size":0.18460439145565034,"orthographic":true}