{"cameraMode":{"drawMode":0,"name":"Shaded","section":"Shading Mode"},"sceneLighting":false,"audioPlay":false,"sceneViewState":{"showFog":true,"showMaterialUpdate":false,"showSkybox":true,"showFlares":true,"showImageEffects":true,"showParticleSystems":true},"in2DMode":false,"pivot":{"x":0.04135028272867203,"y":0.7922706007957459,"z":-3.9534735679626467},"rotation":{"x":-0.23266807198524476,"y":0.7145381569862366,"z":-0.27780890464782717,"w":-0.5984338521957398},"size":0.22518591582775117,"orthographic":false}