{"cameraMode":{"drawMode":0,"name":"Shaded","section":"Shading Mode"},"sceneLighting":false,"audioPlay":false,"sceneViewState":{"showFog":true,"showMaterialUpdate":false,"showSkybox":true,"showFlares":true,"showImageEffects":true,"showParticleSystems":true},"in2DMode":false,"pivot":{"x":1.0230000019073487,"y":0.7946754097938538,"z":-3.1762447357177736},"rotation":{"x":0.046022623777389529,"y":0.7709299921989441,"z":-0.05606412887573242,"w":0.632776141166687},"size":0.5095033645629883,"orthographic":true}