{"cameraMode":{"drawMode":0,"name":"Shaded","section":"Shading Mode"},"sceneLighting":false,"audioPlay":false,"sceneViewState":{"showFog":true,"showMaterialUpdate":false,"showSkybox":true,"showFlares":true,"showImageEffects":true,"showParticleSystems":true},"in2DMode":false,"pivot":{"x":1.0230000019073487,"y":0.7944924831390381,"z":-2.797306537628174},"rotation":{"x":0.14156854152679444,"y":0.846339225769043,"z":-0.2771807014942169,"w":0.43224892020225527},"size":0.5777411460876465,"orthographic":true}