{"cameraMode":{"drawMode":0,"name":"Shaded","section":"Shading Mode"},"sceneLighting":false,"audioPlay":false,"sceneViewState":{"showFog":true,"showMaterialUpdate":false,"showSkybox":true,"showFlares":true,"showImageEffects":true,"showParticleSystems":true},"in2DMode":false,"pivot":{"x":-0.4664999842643738,"y":0.7778719067573547,"z":-3.3799004554748537},"rotation":{"x":0.2772931158542633,"y":-0.6174675822257996,"z":0.2469104528427124,"w":0.693453311920166},"size":0.18389327824115754,"orthographic":true}