{"cameraMode":{"drawMode":0,"name":"Shaded","section":"Shading Mode"},"sceneLighting":false,"audioPlay":false,"sceneViewState":{"showFog":true,"showMaterialUpdate":false,"showSkybox":true,"showFlares":true,"showImageEffects":true,"showParticleSystems":true},"in2DMode":false,"pivot":{"x":0.04608491063117981,"y":0.7991331219673157,"z":-3.9565131664276125},"rotation":{"x":0.01686924882233143,"y":-0.9830837845802307,"z":0.1335269659757614,"w":0.12422651052474976},"size":0.2368772029876709,"orthographic":true}