{"cameraMode":{"drawMode":0,"name":"Shaded","section":"Shading Mode"},"sceneLighting":false,"audioPlay":false,"sceneViewState":{"showFog":true,"showMaterialUpdate":false,"showSkybox":true,"showFlares":true,"showImageEffects":true,"showParticleSystems":true},"in2DMode":false,"pivot":{"x":-0.34782594442367556,"y":-0.040000006556510928,"z":2.552704095840454},"rotation":{"x":-0.18724992871284486,"y":-0.41969698667526247,"z":0.08893320709466934,"w":-0.883675754070282},"size":2.8578836917877199,"orthographic":false}