{"cameraMode":{"drawMode":0,"name":"Shaded","section":"Shading Mode"},"sceneLighting":false,"audioPlay":false,"sceneViewState":{"showFog":true,"showMaterialUpdate":false,"showSkybox":true,"showFlares":true,"showImageEffects":true,"showParticleSystems":true},"in2DMode":false,"pivot":{"x":0.6939465999603272,"y":0.7815146446228027,"z":-3.9175572395324709},"rotation":{"x":0.14156854152679444,"y":0.846339225769043,"z":-0.2771807014942169,"w":0.43224892020225527},"size":0.19287645816802979,"orthographic":true}