{"cameraMode":{"drawMode":0,"name":"Shaded","section":"Shading Mode"},"sceneLighting":false,"audioPlay":false,"sceneViewState":{"showFog":true,"showMaterialUpdate":false,"showSkybox":true,"showFlares":true,"showImageEffects":true,"showParticleSystems":true},"in2DMode":false,"pivot":{"x":-0.23781952261924745,"y":0.8136681318283081,"z":-3.885101318359375},"rotation":{"x":0.01686924882233143,"y":-0.9830837845802307,"z":0.1335269659757614,"w":0.12422651052474976},"size":0.27653729915618899,"orthographic":true}