{"cameraMode":{"drawMode":0,"name":"Shaded","section":"Shading Mode"},"sceneLighting":false,"audioPlay":false,"sceneViewState":{"showFog":true,"showMaterialUpdate":false,"showSkybox":true,"showFlares":true,"showImageEffects":true,"showParticleSystems":true},"in2DMode":false,"pivot":{"x":-0.08686321973800659,"y":0.783521294593811,"z":-3.9565014839172365},"rotation":{"x":0.059940043836832049,"y":-0.9400566220283508,"z":0.2375328540802002,"w":0.23723189532756806},"size":0.18888446688652039,"orthographic":true}