{"cameraMode":{"drawMode":0,"name":"Shaded","section":"Shading Mode"},"sceneLighting":false,"audioPlay":false,"sceneViewState":{"showFog":true,"showMaterialUpdate":false,"showSkybox":true,"showFlares":true,"showImageEffects":true,"showParticleSystems":true},"in2DMode":false,"pivot":{"x":-0.45787501335144045,"y":0.7694818377494812,"z":-2.8104896545410158},"rotation":{"x":-0.06791546940803528,"y":0.7046734094619751,"z":-0.06807807087898255,"w":-0.7029852271080017},"size":0.5162646770477295,"orthographic":true}