{"cameraMode":{"drawMode":0,"name":"Shaded","section":"Shading Mode"},"sceneLighting":false,"audioPlay":false,"sceneViewState":{"showFog":true,"showMaterialUpdate":false,"showSkybox":true,"showFlares":true,"showImageEffects":true,"showParticleSystems":true},"in2DMode":false,"pivot":{"x":-1.2089390754699708,"y":0.06803715229034424,"z":2.552884578704834},"rotation":{"x":-0.11356191337108612,"y":0.09285060316324234,"z":-0.010660295374691487,"w":-0.9891253113746643},"size":2.8578836917877199,"orthographic":false}