{"cameraMode":{"drawMode":0,"name":"Shaded","section":"Shading Mode"},"sceneLighting":false,"audioPlay":false,"sceneViewState":{"showFog":true,"showMaterialUpdate":false,"showSkybox":true,"showFlares":true,"showImageEffects":true,"showParticleSystems":true},"in2DMode":false,"pivot":{"x":-0.460999995470047,"y":0.7810560464859009,"z":-3.1515488624572756},"rotation":{"x":-0.0424620546400547,"y":0.6474802494049072,"z":-0.03617405518889427,"w":-0.7600379586219788},"size":0.20179173350334168,"orthographic":false}