{"cameraMode":{"drawMode":0,"name":"Shaded","section":"Shading Mode"},"sceneLighting":false,"audioPlay":false,"sceneViewState":{"showFog":true,"showMaterialUpdate":false,"showSkybox":true,"showFlares":true,"showImageEffects":true,"showParticleSystems":true},"in2DMode":false,"pivot":{"x":-0.46445342898368838,"y":0.7954761981964111,"z":-3.586042881011963},"rotation":{"x":0.15628843009471894,"y":-0.668367326259613,"z":0.14665597677230836,"w":0.7122858166694641},"size":0.12466549873352051,"orthographic":true}