{"cameraMode":{"drawMode":0,"name":"Shaded","section":"Shading Mode"},"sceneLighting":false,"audioPlay":false,"sceneViewState":{"showFog":true,"showMaterialUpdate":false,"showSkybox":true,"showFlares":true,"showImageEffects":true,"showParticleSystems":true},"in2DMode":false,"pivot":{"x":-0.34782594442367556,"y":-0.040000006556510928,"z":2.552704095840454},"rotation":{"x":-0.1787048578262329,"y":-0.55666583776474,"z":0.12407807260751724,"w":-0.8017433881759644},"size":2.8578836917877199,"orthographic":false}