{"cameraMode":{"drawMode":0,"name":"Shaded","section":"Shading Mode"},"sceneLighting":false,"audioPlay":false,"sceneViewState":{"showFog":true,"showMaterialUpdate":false,"showSkybox":true,"showFlares":true,"showImageEffects":true,"showParticleSystems":true},"in2DMode":false,"pivot":{"x":-0.4664999842643738,"y":0.7649136185646057,"z":-3.217228412628174},"rotation":{"x":-0.11653250455856323,"y":0.7093028426170349,"z":-0.12073641270399094,"w":-0.6846404075622559},"size":0.09661009907722473,"orthographic":true}