{"cameraMode":{"drawMode":0,"name":"Shaded","section":"Shading Mode"},"sceneLighting":false,"audioPlay":false,"sceneViewState":{"showFog":true,"showMaterialUpdate":false,"showSkybox":true,"showFlares":true,"showImageEffects":true,"showParticleSystems":true},"in2DMode":false,"pivot":{"x":0.3740294277667999,"y":0.7949612140655518,"z":-3.9560000896453859},"rotation":{"x":0.004670844413340092,"y":-0.9697160124778748,"z":0.24347978830337525,"w":0.018619142472743989},"size":0.19913461804389954,"orthographic":true}