{"cameraMode":{"drawMode":0,"name":"Shaded","section":"Shading Mode"},"sceneLighting":true,"audioPlay":false,"sceneViewState":{"showFog":true,"showMaterialUpdate":false,"showSkybox":true,"showFlares":true,"showImageEffects":true,"showParticleSystems":true},"in2DMode":false,"pivot":{"x":2.6898834705352785,"y":-0.02178044803440571,"z":-1.0044035911560059},"rotation":{"x":0.36160823702812197,"y":-0.2854823172092438,"z":0.1174074038863182,"w":0.8797470927238464},"size":1.3179030418395997,"orthographic":true}