{"cameraMode":{"drawMode":0,"name":"Shaded","section":"Shading Mode"},"sceneLighting":false,"audioPlay":false,"sceneViewState":{"showFog":true,"showMaterialUpdate":false,"showSkybox":true,"showFlares":true,"showImageEffects":true,"showParticleSystems":true},"in2DMode":false,"pivot":{"x":1.0235999822616578,"y":0.797137439250946,"z":-3.521904706954956},"rotation":{"x":0.046022623777389529,"y":0.7709299921989441,"z":-0.05606412887573242,"w":0.632776141166687},"size":0.3250063955783844,"orthographic":true}